question_id	year	exam_phase	subject	question_number	question_text	alternatives
ITA-MC-2012-SP-FIS-Q001	2012	single_phase	fisica	1	ndas ac´usticas s˜ao ondas de compress˜ao, ou seja, propagam-se em meios compress´ıveis. Quando uma barra met´alica ´e golpeada em sua extremidade, uma onda longitudinal propaga-se por ela com velocidade p v = Ea/ρ. A grandeza E ´e conhecida como m´odulo de Young, enquanto ρ ´e a massa espec´ıﬁca e a uma constante adimensional. Qual das alternativas ´e condizente `a dimens˜ao de E?	A: J/m2 || B: N/m2 || C: J/s·m || D: kg·m/s2 || E: dyn/cm3
ITA-MC-2012-SP-FIS-Q002	2012	single_phase	fisica	2	Considere uma rampa plana, inclinada de um ˆangulo θ em rela¸c˜ao `a horizontal, no in´ıcio da qual encontra-se um carrinho. Ele ent˜ao recebe uma pancada que o faz subir at´e uma certa distˆancia, durante o tempo ts, descendo em seguida at´e sua posi¸c˜ao inicial. A “viagem” completa dura um tempo total t. Sendo µ o coeﬁciente de atrito cin´etico entre o carrinho e a rampa, a rela¸c˜ao t/ts ´e igual a p	A: 2 || B: 1 + (tan θ + µ)/| tanθ −µ| || C: 1 + (cos θ + µ)/| cos θ −µ| || D: 1 + (sen θ + µ)/| cos θ −µ| p p || E: 1 − (tan θ + µ)/| tanθ −µ| p
ITA-MC-2012-SP-FIS-Q003	2012	single_phase	fisica	3	Um elevador sobe verticalmente com acelera¸c˜ao constante e igual a a. No seu teto est´a preso um conjunto de dois sistemas massa-mola acoplados em s´erie, conforme a ﬁgura. O primeiro tem massa m1 e constante de mola k1, e o segundo, massa m2 e constante de mola k2. Ambas as molas tˆem o mesmo comprimento natural (sem deforma¸c˜ao) ℓ. Na condi¸c˜ao de equil´ıbrio est´atico relativo ao elevador, a deforma¸c˜ao da mola de constante k1 ´e y, e a da outra, x. Pode-se ent˜ao aﬁrmar que (y −x) ´e	A: [(k2 −k1)m2 + k2m1](g −a)/k1k2. k1 || B: [(k2 + k1)m2 + k2m1](g −a)/k1k2. m1 || C: [(k2 −k1)m2 + k2m1](g + a)/k1k2. k2 || D: [(k2 + k1)m2 + k2m1](g + a)/k1k2 −2ℓ. m2 || E: [(k2 −k1)m2 + k2m1](g + a)/k1k2 + 2ℓ
ITA-MC-2012-SP-FIS-Q004	2012	single_phase	fisica	4	Apoiado sobre patins numa superf´ıcie horizontal sem atrito, um atirador dispara um proj´etil de massa m com velocidade v contra um alvo a uma distˆancia d. Antes do disparo, a massa total do atirador e seus equipamentos ´e M. Sendo vs a velocidade do som no ar e desprezando a perda de energia em todo o processo, quanto tempo ap´os o disparo o atirador ouviria o ru´ıdo do impacto do proj´etil no alvo? d(vs+v)(M−m) d(vs−v)(M+m) d(vs−v)(M−m)	A:  || B:  || C:  || D: v(Mvs−m(vs−v)) v(Mvs+m(vs+v)) || E: v(Mvs−m(vs+v)) v(Mvs+m(vs+v)) v(Mvs+m(vs+v)) d(vs+v)(M−m) d(vs+v)(M+m)
ITA-MC-2012-SP-FIS-Q005	2012	single_phase	fisica	5	Um gerador el´etrico alimenta um circuito cuja resistˆencia equivalente varia de 50 a 150 Ω, dependendo das condi¸c˜oes de uso desse circuito. Lembrando que, com resistˆencia m´ınima, a potˆencia ´util do gerador ´e m´axima, ent˜ao, o rendimento do gerador na situa¸c˜ao de resistˆencia m´axima, ´e igual a	A: 0,25. || B: 0,50. || C: 0,67. || D: 0,75 || E: 0,90.
ITA-MC-2012-SP-FIS-Q006	2012	single_phase	fisica	6	Um funil que gira com velocidade angular uniforme em torno do seu eixo vertical de simetria apresenta uma superf´ıcie cˆonica que forma um ˆangulo θ com a horizontal, conforme a ﬁgura. Sobre esta supef´ıcie, uma pequena esfera gira com a mesma velocidade angular mantendo-se a uma distˆancia d do eixo de rota¸c˜ao. Nestas condi¸c˜oes, o per´ıodo de rota¸c˜ao do funil ´e dado por p	A: 2π d/g senθ. p || B: 2π d/g cos θ. b d p || C: 2π d/g tan θ. θ ////////// p || D: 2π 2d/g sen2θ. p || E: 2π d cos θ/g tan θ
ITA-MC-2012-SP-FIS-Q007	2012	single_phase	fisica	7	No interior de um carrinho de massa M mantido em repouso, uma mola de constante el´astica k encontra-se comprimida de uma distˆancia x, tendo uma extremidade presa e a outra conectada a um bloco de massa m, conforme a ﬁgura. Sendo o sistema ent˜ao abandonado e considerando que n˜ao h´a atrito, pode-se aﬁrmar que o valor inicial da acelera¸c˜ao do bloco relativa ao carrinho ´e x	A: kx/m. || B: kx/M. m M || C: kx/(m + M). || D: kx(M −m)/mM. //////////////////////////////////////// || E: kx(M + m)/mM
ITA-MC-2012-SP-FIS-Q008	2012	single_phase	fisica	8	Um corpo movimenta-se numa superf´ıcie horizontal sem atrito, a partir do repouso, devido `a a¸c˜ao cont´ınua de um dispositivo que lhe fornece uma potˆencia mecˆanica constante. Sendo v sua velocidade ap´os certo tempo t, pode-se aﬁrmar que	A: a acelera¸c˜ao do corpo ´e constante. || B: a distˆancia percorrida ´e proporcional a v2. || C: o quadrado da velocidade ´e proporcional a t. √ || D: a for¸ca que atua sobre o corpo ´e proporcional a t. || E: a taxa de varia¸c˜ao temporal da energia cin´etica n˜ao ´e constante
ITA-MC-2012-SP-FIS-Q009	2012	single_phase	fisica	9	Acredita-se que a colis˜ao de um grande asteroide com a Terra tenha causado a extin¸c˜ao dos dinossauros. Para se ter uma id´eia de um impacto dessa ordem, considere um aster´oide esf´erico de ferro, com 2 km de diˆametro, que se encontra em repouso quase no inﬁnito, estando sujeito somente `a a¸c˜ao da gravidade terrestre. Desprezando as for¸cas de atrito atmosf´erico, assinale a op¸c˜ao que expressa a energia liberada no impacto, medida em n´umero aproximado de bombas de hidrogˆenio de 10 megatons de TNT.	A: 1 || B: 10 || C: 500 || D: 50.000 || E: 1.000.000
ITA-MC-2012-SP-FIS-Q010	2012	single_phase	fisica	10	Boa parte das estrelas do Universo formam sistemas bin´arios nos quais duas estrelas giram em torno do centro de massa comum, CM. Considere duas estrelas esf´ericas de um sistema bin´ario em que cada qual descreve uma ´orbita circular em torno desse centro. Sobre tal sistema s˜ao feitas duas aﬁrma¸c˜oes: I. O per´ıodo de revolu¸c˜ao ´e o mesmo para as duas estrelas e depende apenas da distˆancia entre elas, da massa total deste bin´ario e da constante gravitacional. II. Considere que⃗R1 e⃗R2 s˜ao os vetores que ligam o CM ao respectivo centro de cada estrela. Num certo intervalo de tempo ∆t, o raio vetor⃗R1 varre uma certa ´area A. Durante este mesmo intervalo de tempo, o raio vetor⃗R2 tamb´em varre uma ´area igual a A. Diante destas duas proposi¸c˜oes, assinale a alternativa correta.	A: As aﬁrma¸c˜oes I e II s˜ao falsas. || B: Apenas a aﬁrma¸c˜ao I ´e verdadeira. || C: Apenas a aﬁrma¸c˜ao II ´e verdadeira. || D: As aﬁrma¸c˜oes I e II s˜ao verdadeiras, mas a II n˜ao justiﬁca a I. || E: As aﬁrma¸c˜oes I e II s˜ao verdadeiras e, al´em disso, a II justiﬁca a I
ITA-MC-2012-SP-FIS-Q011	2012	single_phase	fisica	11	Um cilindro vazado pode deslizar sem atrito num eixo horizontal no qual se apoia. Preso ao cilindro, h´a um cabo de 40 cm de comprimento tendo uma esfera na ponta, conforme ﬁgura. Uma for¸ca externa faz com que o cilindro adquira um movimento na horizontal do tipo y = y0 sen(2πft). Qual deve ser o valor de f em hertz para que seja m´axima a amplitude das oscila¸c˜oes da esfera? y	A: 0,40 || B: 0,80 || C: 1,3 || D: 2,5 || E: 5,0
ITA-MC-2012-SP-FIS-Q012	2012	single_phase	fisica	12	No interior de um elevador encontra-se um tubo de vidro ﬁno, em forma de U, contendo um l´ıquido sob v´acuo na extremidade vedada, sendo a outra conectada a um recipiente de volume V com ar mantido `a temperatura constante. Com o elevador em repouso, veriﬁca-se uma altura h de 10 cm entre os n´ıveis do l´ıquido em ambos os bra¸cos do tubo. Com o elevador subindo com acelera¸c˜ao constante⃗a (ver ﬁgura), os n´ıveis do l´ıquido sofrem um deslocamento de altura de 1,0 cm. V Pode-se dizer ent˜ao que a acelera¸c˜ao do elevador ´e igual a	A: -1,1 m/s2. h⃗ || B: -0,91 m/s2. 0,91 m/s2. || C: a 1,1 m/s2. || D: elevador → ////////////////////////////// || E: 2,5 m/s2
ITA-MC-2012-SP-FIS-Q013	2012	single_phase	fisica	13	Conforme a ﬁgura, um circuito el´etrico disp˜oe de uma fonte de tens˜ao de 100 V e de dois resistores, cada qual de 0,50 Ω. Um resistor encontra-se imerso no recipiente contendo 2,0 kg de ´agua com temperatura inicial de 20oC, calor espec´ıﬁco 4,18 kJ/kg·oC e calor latente de vaporiza¸c˜ao 2230 kJ/kg. Com a chave S fechada, a corrente el´etrica do circuito faz com que o resistor imerso dissipe calor, que ´e integralmente absorvido pela ´agua. Durante o processo, o sistema ´e isolado termicamente e a temperatura da ´agua permanece sempre homogˆenea. Mantido o resistor imerso durante todo o processo, o tempo necess´ario para vaporizar 1,0 kg de ´agua ´e S 0,50 Ω 100 V	A: 67,0 s. || B: 223 s. || C: 256 s. || D: 446 s. 0,50 Ω || E: 580 s
ITA-MC-2012-SP-FIS-Q014	2012	single_phase	fisica	14	Em uma superf´ıcie l´ıquida, na origem de um sistema de coordenadas encontra-se um emissor de ondas circulares transversais. Bem distante dessa origem, elas tˆem a forma aproximada dada por h1(x, y, t) = h0 sen (2π(r/λ −ft)), em que λ ´e o comprimento de onda, f ´e a frequˆencia e r, a distˆancia de um ponto da onda at´e a origem. Uma onda plana transversal com a forma h2(x, y, t) = h0 sen(2π(x/λ−ft)) superp˜oe-se `a primeira, conforme a ﬁgura. Na situa¸c˜ao descrita, podemos aﬁrmar, sendo Z o conjunto dos n´umeros inteiros, que	A: nas posi¸c˜oes (y2 P/(2nλ)−nλ/8, yP) as duas on- y das est˜ao em fase se n ∈Z. || B: nas posi¸c˜oes (y2 P/(2nλ)−nλ/2, yP) as duas on- (xP, yP) das est˜ao em oposi¸c˜ao de fase se n ∈Z e n̸ = 0. || C: nas posi¸c˜oes (y2 P/(2nλ) −(n + 1/2)λ/2, yP) as x duas ondas est˜ao em oposi¸c˜ao de fase se n ∈Z e n̸ = 0. || D: nas posi¸c˜oes (y2 P/((2n+1)λ)−(n+1/2)λ/2, yP) as duas ondas est˜ao em oposi¸c˜ao de fase se n ∈Z. || E: na posi¸c˜ao (2y2 P/λ −λ/8, yP) a diferen¸ca de fase entre as ondas ´e de 45o
ITA-MC-2012-SP-FIS-Q015	2012	single_phase	fisica	15	Um capacitor de placas paralelas de ´area A e distˆancia 3h possui duas placas met´alicas idˆenticas, de espessura h e ´area A cada uma. Compare a capacitˆancia C deste capacitor com a capacitˆancia C0 que ele teria sem as duas placas met´alicas.	A: C = C0 || B: C > 4C0 h 3h || C: 0 < C < C0 h || D: C0 < C < 2C0 || E: 2C0 < C < 4C0
ITA-MC-2012-SP-FIS-Q016	2012	single_phase	fisica	16	A ﬁgura mostra uma regi˜ao espacial de campo el´etrico uniforme de m´odulo E = 20 N/C. Uma carga Q = 4 C ´e deslocada com velocidade constante ao longo do per´ımetro do quadrado de lado L = 1 m, sob a¸c˜ao de uma for¸ca⃗F igual e contr´aria `a for¸ca coulombiana que atua na carga Q. Considere, ent˜ao, as seguintes aﬁrma¸c˜oes: I. O trabalho da for¸ca⃗F para deslocar a carga Q do ponto 1 para 2 ´e o mesmo do dispendido no seu deslocamento ao longo do caminho fechado 1-2-3-4-1. II. O trabalho de⃗F para deslocar a carga Q de 2 para 3 ´e maior que o para desloc´a-la de 1 para 2. ´E nula a soma do trabalho da for¸ca⃗F para deslocar a carga Q de 2 para 3 com seu trabalho para III. desloc´a-la de 4 para 1. L⃗ Ent˜ao, pode-se aﬁrmar que 4 3 E E⃗	A: todas s˜ao corretas. || B: todas s˜ao incorretas. || C: apenas a II ´e correta. Q⃗F || D: apenas a I ´e incorreta. 2 1 || E: apenas a II e III s˜ao corretas
ITA-MC-2012-SP-FIS-Q017	2012	single_phase	fisica	17	Uma fonte luminosa uniforme no v´ertice de um cone reto tem iluminamento energ´etico (ﬂuxo energ´etico por unidade de ´area) HA na ´area A da base desse cone. O iluminamento incidente numa se¸c˜ao desse cone que forma ˆangulo de 30o com a sua base, e de proje¸c˜ao vertical S sobre esta, ´e igual a √	A: AHA/S. || B: SHA/A. || C: AHA/2S. || D: 3AHA/2S || E: 2AHA/ 3S. √
ITA-MC-2012-SP-FIS-Q018	2012	single_phase	fisica	18	Alguns tipos de sensores piezorresistivos podem ser usados na confec¸c˜ao de sensores de press˜ao baseados em pontes de Wheatstone. Suponha que o resistor Rx do circuito da ﬁgura seja um piezorresistor com varia¸c˜ao de resistˆencia dada por Rx = kp + 10 Ω, em que k = 2,0 × 10−4 Ω/Pa e p, a press˜ao. Usando este piezorresistor na constru¸c˜ao de um sensor para medir press˜oes na faixa de 0,10 atm a 1,0 atm, assinale a faixa de valores do resistor R1 para que a ponte de Wheatstone seja balanceada. S˜ao dados: R2 = 20 Ωe R3 = 15 Ω. R3 Rx	A: De R1min = 25 Ω a R1max = 30 Ω G || B: De R1min = 20 Ω a R1max = 30 Ω || C: De R1min = 10 Ω a R1max = 25 Ω R1 R2 || D: De R1min = 9, 0 Ωa R1max = 23 Ω || E: De R1min = 7, 7 Ωa R1max = 9, 0 Ω
ITA-MC-2012-SP-FIS-Q019	2012	single_phase	fisica	19	Assinale em qual das situa¸c˜oes descritas nas op¸c˜oes abaixo as linhas de campo magn´etico formam circunferˆencias no espa¸co.	A: Na regi˜ao externa de um toroide. || B: Na regi˜ao interna de um solenoide. || C: Pr´oximo a um ´ıma com formato esf´erico. || D: Ao redor de um ﬁo retil´ıneo percorrido por corrente el´etrica. || E: Na regi˜ao interna de uma espira circular percorrida por corrente el´etrica
ITA-MC-2012-SP-FIS-Q020	2012	single_phase	fisica	20	Considere as seguintes aﬁrma¸c˜oes: I. As energias do ´atomo de Hidrogˆenio do modelo de Bohr satisfazem `a rela¸c˜ao, En = −13,6/n2 eV, com n = 1, 2, 3, · · ·; portanto, o el´etron no estado fundamental do ´atomo de Hidrogˆenio pode absorver energia menor que 13,6 eV. II. N˜ao existe um limiar de frequˆencia de radia¸c˜ao no efeito fotoel´etrico. III. O modelo de Bohr, que resulta em energias quantizadas, viola o princ´ıpio da incerteza de Heisenberg. Ent˜ao, pode-se aﬁrmar que	A: apenas a II ´e incorreta. || B: apenas a I e II s˜ao corretas. || C: apenas a I e III s˜ao incorretas. As quest˜oes dissertativas, numeradas de 21 a 30, devem ser desenvolvidas, justiﬁcadas e respondidas no caderno de solu¸c˜oes || D: apenas a I ´e incorreta. || E: todas s˜ao incorretas.
ITA-MC-2012-SP-ING-Q001	2012	single_phase	ingles	1	Para estar adequada ao contexto em que aparece, a palavra effective (linha 1), deve ser acrescida de	A: fully. || B: by. || C: ness. || D: ful. || E: lessly
ITA-MC-2012-SP-ING-Q002	2012	single_phase	ingles	2	A opção que descreve a palavra empathy é	A: essentially compassion. || B: walking in another’s shoes. || C: an admirable trait. || D: a band-aid on more systemic problems. || E: societal and educational issues
ITA-MC-2012-SP-ING-Q003	2012	single_phase	ingles	3	Segundo o texto,	A: é difícil incluir os alunos de ensino médio nos empathy training programs, por serem mais velhos e demandarem uma abordagem diferenciada. || B: o componente mais importante na empatia é a relação familiar. || C: simpatia está estritamente relacionada à empatia. || D: é inútil trabalhar o conceito de empatia anteriormente à pré-adolescência. || E: há, provavelmente, fatores mais determinantes para a prática de bullying do que a falta de empatia. As questões 4 e 5 referem-se ao texto abaixo. THE WORLDS OF To see the world in a grain of sand, INFINITIES And a heaven in a wildflower; Hold infinity in the palm of you hand, And eternity in an hour. – William Blake 1 Infinity has stimulated imaginations for thousands of years. It is an idea drawn upon by theologians, poets, artists, philosophers, writers, scientists, mathematicians – an idea that has perplexed and intrigued – an idea that remains illusive. Infinity has taken on different identities in different fields of thought. In early times, the idea of infinity was, rightly or wrongly, linked to large numbers. People of antiquity experienced a feeling of the infinite by gazing at stars and planets or at grains of sand on a beach. Ancient 5 philosophers and mathematicians such as Zeno, Anaxagoras, Democritus, Aristotle, Archimedes pondered, posed and argued the ideas that infinity presented. Aristotle proposed the ideas of potential and actual infinities. He argued that only potential infinity existed. In The Sand Reckoner Archimedes dispelled the idea that the number of grains of sand on a beach are infinite by actually determining a method for calculating the number on all the beaches of the earth. 10 Infinity has been the culprit in many paradoxes. Zeno’s paradoxes of Achilles and the tortoise and the Dichotomy have perplexed readers for centuries. Galileo’s paradoxes dealing with segments, points, and infinite sets should also be noted. The list of mathematicians with their discoveries and uses or misuses of infinity extends through the centuries. (…). Texto adaptado de PAPPAS, T. ―The Magic of Mathematics: Discovering the Spell of Mathematics‖, 1994
ITA-MC-2012-SP-ING-Q004	2012	single_phase	ingles	4	Segundo o texto, a ideia de infinito	A: embora atraia a atenção de poetas, artistas e filósofos é explorada, mais especificamente, por matemáticos e cientistas. || B: tem propiciado discussões e descobertas desde a antiguidade. || C: é sempre relacionada a grandes números. || D: deixou de ser ilusória a partir do método desenvolvido por Arquimedes. || E: foi abordada, de forma semelhante, por diferentes campos do saber
ITA-MC-2012-SP-ING-Q005	2012	single_phase	ingles	5	Sobre as inúmeras ideias e paradoxos relativos ao infinito, o texto informa que	A: os paradoxos de Zeno são os que despertam maior perplexidade nos leitores. || B: Aristóteles defendeu a existência de infinito potencial, em contraposição à ideia vigente de um infinito real e outro potencial. || C: Galileu, trabalhando com pontos e segmentos, conseguiu provar a existência do infinito. || D: o grande número de grãos de areia na praia e de estrelas no céu conferia sensação de infinito aos povos da antiguidade. || E: eles resultam das contradições acerca do tema. As questões de 6 a 8 referem-se ao seguinte texto: Thursday, Feb. 10, 2011 2045: The Year Man Becomes Immortal By Lev Grossman 1 (…), Kurzweil believes that we’re approaching a moment when computers will become intelligent, and not just intelligent but more intelligent than humans. When that happens, humanity – our bodies, our minds, our civilization – will be completely and irreversibly transformed. He believes that this moment is not only inevitable but imminent. According to his calculations, the end of human civilization as we know it is about 35 years away. 5 Computers are getting faster. Everybody knows that. Also, computers are getting faster faster – that is, the rate at which they’re getting faster is increasing. True? True. So if computers are getting so much faster, so incredibly fast, there might conceivably come a moment when they are capable of something comparable to human intelligence. Artificial intelligence. All that horsepower could be put in the service of emulating 10 whatever it is our brains are doing when they create consciousness – not just doing arithmetic very quickly or composing piano music but also driving cars, writing books, making ethical decisions, appreciating fancy paintings, making witty observations at cocktail parties. If you can swallow that idea, and Kurzweil and a lot of other very smart people can, then all bets are off. From that point on, there’s no reason to think computers would stop getting more powerful. They would keep on developing until they were far more intelligent than 15 we are. Their rate of development would also continue to increase, because they would take over their own development from their slower-thinking human creators. Imagine a computer scientist that was itself a super-intelligent computer. It would work incredibility quickly. It could draw on huge amounts of data effortlessly. It wouldn’t even take breaks to play Farmville. (…) http://www.time.com/printout/0,8816,2048138,00.html. Acesso em 07/04/2011. Adaptado
ITA-MC-2012-SP-ING-Q006	2012	single_phase	ingles	6	De acordo com o texto,	A: Kurzweil está convencido de que os novos computadores poderão conduzir nossa mente e nosso corpo. || B: é possível que, num futuro próximo, supercomputadores se desenvolvam independentemente de seus criadores humanos. || C: Kurzweil acredita que o fim da civilização humana poderá acontecer em 35 anos. || D: computadores, cada vez mais rápidos, igualar-se-ão ao cérebro humano. || E: a Ciência da Computação ocupa-se, atualmente, do desenvolvimento de superinteligências
ITA-MC-2012-SP-ING-Q007	2012	single_phase	ingles	7	From that point on (linha 13), refere-se a	A: whatever it is our brains are doing. || B: all bets are off. || C: Kurzweil and a lot of other very smart people can. || D: if you can swallow that idea. || E: they would keep on developing
ITA-MC-2012-SP-ING-Q008	2012	single_phase	ingles	8	Na sentença They would keep on developing until they were far more intelligent than we are (linhas 14 e 15), o vocábulo grifado poderia ser substituído por	A: far away. || B: incredible. || C: much. || D: distant. || E: many. As perguntas de 9 a 12 referem-se ao seguinte texto publicitário: 1 Every working day, ARAMARK GmbH, _ ( I ) by Peter Amon, prepares nutritious meals from fresh, sustainable ingredients. GE Capital provides environmentally friendly vehicles to 3 cater for the company’s long-term transport needs. With its ___( II ) _ international fleet platform, GE Capital provides an enticing menu of leasing options. Time, May 24, 2010. Adaptado
ITA-MC-2012-SP-ING-Q009	2012	single_phase	ingles	9	As lacunas I e II devem ser preenchidas, respectivamente, por	A: led – leading. || B: leader – led. || C: leading – led. || D: led – leader. || E: leader – leading
ITA-MC-2012-SP-ING-Q010	2012	single_phase	ingles	10	Assinale a opção que indica a relação das palavras cabbage e carrots com o restante do anúncio.	A: Serviços e produtos oferecidos pelo GE Capital são sustentáveis e ecologicamente corretos. || B: Dentre os serviços e produtos oferecidos pelo anunciante constam refeições preparadas com legumes produzidos organicamente. || C: A GE Capital oferece a seus clientes um cardápio nutritivo e balanceado. || D: A GE Capital só estabelece parceria com empresas que priorizam o desenvolvimento sustentável. || E: Apenas veículos movidos a biocombustível são admitidos na frota da GE Capital
ITA-MC-2012-SP-ING-Q011	2012	single_phase	ingles	11	A opção que traduz the company’s long-term transport needs (linha 3) é	A: há tempos a empresa investe no suprimento de sua necessidade de transporte. || B: as necessidades de transporte a longo prazo da empresa. || C: o suprimento da necessidade de um serviço de transporte contínuo e eficaz para a empresa. || D: a empresa firma contratos de longo prazo para suprir sua necessidade de transporte. || E: a empresa precisa de transporte a longo prazo
ITA-MC-2012-SP-ING-Q012	2012	single_phase	ingles	12	Que tipo de serviço é anunciado pela GE Capital?	A: Cardápios nutritivos. || B: Assistência ao produtor agrícola. || C: Locação de veículos. || D: Serviços de logística. || E: Soluções financeiras. As questões de 13 a 18 referem-se ao texto abaixo. The Double Mirror How Pakistan’s intelligence service plays both sides ____________________ By DAVID IGNATIUS 1 (...) I found that I couldn’t capture ISI’s nuances in newspaper columns. So my eighth novel, Bloodmoney, is set largely in Pakistan; it centers on a fictional ISI and a CIA whose operations inside Pakistan have spun out of control. I describe the director general of my imaginary ISI this way: ―To say that the Pakistani was playing a double game did not do him justice; his strategy was far more complicated than that.‖ 5 This Janus-like quality is true of all intelligence services, I suppose, but I have never seen an organization quite like the ISI. It is at once very secretive and very open, yet ISI officials get especially peeved at the charge of duplicity: ―I can not go on defending myself forever, even when I am not doing what I am blamed for,‖ wrote one of my ISI contacts, after I had written a column noting the organization’s ―double game‖ with the U.S. ―I shall do what I think is good for PAKISTAN, my country. I am sure you will do the same for US.‖ 10 What this official wanted me to understand was that Pakistan was suffering under its own onslaught of terrorism. An ISI briefer almost shouted at me in 2010: ―Mr. David Ignatius! Look at the casualties we have suffered fighting terrorism!‖ We’re in alongside the U.S., ISI officials insist. Yet they are caught in the backwash of an anti-American rhetoric they help create. The ISI’s press cell feeds Pakistani newspapers constantly; presumably, it thinks its U.S.-bashing leaks will hide the reality of the ISI’s cooperation. But the puppeteer has gotten caught in the strings. Anti-Americanism has taken a virulent form that threatens the ISI too. ISI = Inter-Services Intelligence Time, May 23, 2011 Essay Adaptado
ITA-MC-2012-SP-ING-Q013	2012	single_phase	ingles	13	Segundo o texto, é possível afirmar que	A: há particularidades no modo de agir da ISI que o autor nunca viu em organizações semelhantes. || B: a ISI trata com virulência a questão do antiamericanismo para que ele não contamine suas fileiras. || C: Bloodmoney é uma novela encenada, em grande parte, no Paquistão. || D: as operações da ISI e da CIA, no Paquistão, fugiram de controle. || E: o autor é correspondente jornalístico no Paquistão
ITA-MC-2012-SP-ING-Q014	2012	single_phase	ingles	14	Segundo o texto, a ISI é uma organização	A: contraditória. || B: corporativa. || C: terrorista. || D: cooperativa. || E: autoritária
ITA-MC-2012-SP-ING-Q015	2012	single_phase	ingles	15	A opção cujo significado mais se aproxima do vocábulo peeved (linha 6) é	A: mistrustful. || B: challenged. || C: irritated. || D: worried. || E: encouraged
ITA-MC-2012-SP-ING-Q016	2012	single_phase	ingles	16	A palavra casualties (linha 11)	A: é sinônimo de eventualities. || B: pode ser entendida como desgastes. || C: expressa uma relação de causa e consequência. || D: é o mesmo que ataques. || E: pode ser substituida por losses
ITA-MC-2012-SP-ING-Q017	2012	single_phase	ingles	17	A sentença I cannot go on defending myself forever, even when I am not doing what I am blamed for (linhas 6 e 7), sugere que aquele que a pronunciou	A: seguramente carrega consigo alguma culpa. || B: se autocondena ao tentar explicar-se. || C: se responsabiliza pela própria defesa. || D: se defende de uma acusação formal. || E: está farto de defender-se do que não faz
ITA-MC-2012-SP-ING-Q018	2012	single_phase	ingles	18	A opção que corresponde à expressão the puppeteer has gotten caught in the strings (linha 14) é	A: mentira tem perna curta. || B: o tiro saiu pela culatra. || C: para bom entendedor, meia palavra basta. || D: prevenir é melhor que remediar. || E: uma mão lava a outra. As questões 19 e 20 referem-se ao seguinte texto: Artist Detained In Growing Crackdown BEIJING 1 Ai Weiwei, China’s most prominent dissident after imprisoned Nobel laureate Liu Xiaobo, was detained April 3 at the Beijing airport as he tried to board a flight to Hong Kong. Perhaps best known for codesigning the 2008 Beijing Olympic stadium known as the Bird’s Nest, Ai is an outspoken critic of the government an has been detained several times. During one period in custody, he was allegedly beaten so badly that he required brain surgery. This arrest comes amid a widespread crackdown touched off by online calls for a 5 Tunisian-style ―jasmine revolution.‖ Over the past several weeks, at least 26 activists have been detained, 200 have been put under house arrest, and more than 30 have disappeared. Time, April 18, 2011
ITA-MC-2012-SP-ING-Q019	2012	single_phase	ingles	19	Segundo o texto, Ai Weiwei	A: alegou ter sido severamente torturado. || B: foi preso devido a um recrudescimento da repressão na China. || C: embarcou num voo para Hong Kong. || D: foi preso por incitar uma revolução nos moldes da tunisiana. || E: foi quem projetou o estádio olímpico de Pequim
ITA-MC-2012-SP-ING-Q020	2012	single_phase	ingles	20	Segundo o texto,	A: Liu Xiaobo foi preso em 3 de abril no aeroporto de Pequim. || B: houve, na China, incitação à revolução via Internet. || C: Ai Weiwei é o mais proeminente dissidente chinês. || D: a prisão domiciliar é prática frequente em território chinês. || E: Ai Weiwei faz críticas veladas ao regime vigente
ITA-MC-2012-SP-MAT-Q001	2012	single_phase	matematica	1	Deseja-se trocar uma moeda de 25 centavos, usando-se apenas moedas de 1, 5 e 10 centavos. Então, o número de diferentes maneiras em que a moeda de 25 centavos pode ser trocada é igual a	A: 6. || B: 8. || C: 10. || D: 12. || E: 14
ITA-MC-2012-SP-MAT-Q002	2012	single_phase	matematica	2	Dois atiradores acertam o alvo uma vez a cada três disparos. Se os dois atiradores disparam simultaneamente, então a probabilidade do alvo ser atingido pelo menos uma vez é igual a	A: 2 || B: 1 || C: 4 || D: 5 || E: 2 9. 3. 9. 9. 3. Sejam z = n2(cos 45◦+i sen 45◦) e w = n(cos 15◦+i sen 15◦), em que n é o menor inteiro
ITA-MC-2012-SP-MAT-Q003	2012	single_phase	matematica	3	positivo tal que (1 + i)n é real. Então, z w é igual a √ √ √	A:  || B: 2( || C: 2( 3 + i. 3 + i). 2 + i). √ √ || D: 2( || E: 2( 2 −i). 3 −i). Se arg z = π
ITA-MC-2012-SP-MAT-Q004	2012	single_phase	matematica	4	4 , então um valor para arg(−2iz) é	A: −π || B: π || C: π || D: 3π || E: 7π 2. 4 . 2 . 4 . 4 . 1 Sejam r1, r2 e r3 números reais tais que r1−r2 e r1+r2+r3 são racionais. Das aﬁrmações
ITA-MC-2012-SP-MAT-Q005	2012	single_phase	matematica	5	Se r1 é racional ou r2 é racional, então r3 é racional; I · Se r3 é racional, então r1 + r2 é racional; II · Se r3 é racional, então r1 e r2 são racionais, III · é (são) sempre verdadeira(s)	A: apenas I. || B: apenas II. || C: apenas III. || D: apenas I e II. || E: I, II e III. √ 2)x2 + x3 estão relacionadas
ITA-MC-2012-SP-MAT-Q006	2012	single_phase	matematica	6	As raízes x1, x2 e x3 do polinômio p(x) = 16 + ax −(4 + pelas equações: √ x1 + 2x2 + x3 e x1 −2x2 − 2 = 2 2x3 = 0 Então, o coeﬁciente a é igual a √ √ √	A: 2(1 − || B:  || C: 2(2 + 2 −4. 2). 2). √ √ || D: 4 + || E: 4( 2 −1). 2
ITA-MC-2012-SP-MAT-Q007	2012	single_phase	matematica	7	Sabe-se que (x + 2y, 3x −5y, 8x −2y, 11x −7y + 2z) é uma progressão aritmética com o último termo igual a −127. Então, o produto xyz é igual a	A: −60. || B: −30. || C: 0. || D: 30. || E: 60. √ Considere um polinômio p(x), de grau 5, com coeﬁcientes reais. Sabe-se que −2i e i−
ITA-MC-2012-SP-MAT-Q008	2012	single_phase	matematica	8	3 são duas de suas raízes. Sabe-se, ainda, que dividindo-se p(x) pelo polinômio q(x) = x −5 obtém-se √ resto zero e que p(1) = 20(5 + 2 3). Então, p(−1) é igual a √ √ √	A: 5(5 −2 || B: 15(5 −2 || C: 30(5 −2 3). 3). 3). √ √ || D: 45(5 −2 || E: 50(5 −2 3). 3). √ 3 cm, b = 1 cm e c = 1
ITA-MC-2012-SP-MAT-Q009	2012	single_phase	matematica	9	2 cm. Uma Um triângulo ABC tem lados com medidas a = 2 circunferência é tangente ao lado a e também aos prolongamentos dos outros dois lados do triângulo, ou seja, a circunferência é ex-inscrita ao triângulo. Então, o raio da circunferência, em cm, é igual a √ √ √ 3 + 1 3 3 + 1	A:  || B:  || C: . 4 . . 4 3 √ √ 3 3 + 2 || D:  || E: 2 . . 4 2
ITA-MC-2012-SP-MAT-Q010	2012	single_phase	matematica	10	Sejam A = (0,0), B = (0,6) e C = (4,3) vértices de um triângulo. A distância do baricentro deste triângulo ao vértice A, em unidades de distância, é igual a	A: 5 V97 v109 V5 10 =, || B: ——. || C: ——. || D: —. || E: —. DE OS OS OS ()5
ITA-MC-2012-SP-MAT-Q011	2012	single_phase	matematica	11	A área do quadrilátero definido pelos eixos coordenados e as retas r: x — 3y+3=0 e s:3x +y— 21 = 0, em unidades de área, é igual a 05 (910 (5 DE: DE A 19 25 27 29 —, B 10. =. D =. E =	A:  || B:  || C:  || D:  || E: 
ITA-MC-2012-SP-MAT-Q012	2012	single_phase	matematica	12	Dados os pontos A = (0,0), B= (2,0) e C = (1,1), o lugar geométrico dos pontos que se encontram a uma distância d = 2 da bissetriz interna, por A, do triângulo ABC é um par de retas definidas por V2=0. B( ) riz: vey vt v2=0. A( 2 ) rig: V2y-a@4+2V44 V2 =0. D()rmo:(V24+Dy- rt V24+4V2 =0. C( )rig:2y—-r742V10+ =0. E( ) rio: (V2+l)y—-27+2V442vV2	A:  || B:  || C:  || D:  || E: 
ITA-MC-2012-SP-MAT-Q013	2012	single_phase	matematica	13	Sejam A, Be C subconjuntos de um conjunto universo U. Das afirmações: = AN(BUC); 1. (ANBINCC II. (ANBINC=AU(BNCS; II. BOUCC=(BNC), é (são) sempre verdadeira(s) apenas	A: JI. || B: JI. || C: III. || D: le/TlII. || E: ITelil
ITA-MC-2012-SP-MAT-Q014	2012	single_phase	matematica	14	Sejam A e B dois conjuntos disjuntos, ambos finitos e não-vazios, tais que n(P(A)U P(B)) +1 = n(P(AU B)). Então, a diferença n(A) — n(B) pode assumir	A: (_) um único valor. || B: apenas dois valores distintos. || C: apenas três valores distintos. || D: apenas quatro valores distintos. || E: (_) mais do que quatro valores distintos. 3
ITA-MC-2012-SP-MAT-Q015	2012	single_phase	matematica	15	"Considere um número real a £ 1 positivo, fixado, e a equação em x a” + 28a"" -8=0,8ER Das afirmações: I- Se 6 < 0, então existem duas soluções reais distintas; II. Se 5 = —1, então existe apenas uma solução real; III. Se 68 =0, então não existem soluções reais; IV. Se 8 >0, então existem duas soluções reais distintas, é (são) sempre verdadeira(s) apenas A( )JI. B( )JTelllI C( )ilelll. D()ITelv. E (JT, Illelv"	A:  || B:  || C:  || D:  || E: 
ITA-MC-2012-SP-MAT-Q016	2012	single_phase	matematica	16	Seja S = E € Rjarc sen(=) + arccos(=) = I . Entao,	A: S=9. || B: S = {0}. || C: S=R*\X {0}. || D: S=R*. || E: S=R. ~ . 2 ~
ITA-MC-2012-SP-MAT-Q017	2012	single_phase	matematica	17	Seja x € [0,27] tal que sen(x) cos(x) = E Então, o produto e a soma de todos os possíveis valores de tg(x) são, respectivamente A( )le0. 5 B( )le>. C( )-le0O. D( Jles. 5 E( )-le->	A:  || B:  || C:  || D:  || E: 
ITA-MC-2012-SP-MAT-Q018	2012	single_phase	matematica	18	A soma 5 cos(a + kr), para todo a € [0,27], vale k=0	A: — cos(a) quando n é par. || B: — sen(a) quando n é ímpar. || C: cos(a) quando n é ímpar. || D: sen(a) quando n é par. || E: zero quando n é ímpar
ITA-MC-2012-SP-MAT-Q019	2012	single_phase	matematica	19	Um cone circular reto de altura 1 cm e geratriz “3. cm é interceptado por um plano paralelo à sua base, sendo determinado, assim, um novo cone. Para que este novo cone tenha o mesmo 1/3 volume de um cubo de aresta (515) cm, é necessário que a distância do plano à base do cone original seja, em cm, igual a A 1 1 1 2 3 05 ()5 ()5 ()5 05 -.	A: superfície lateral de um cone circular reto é um setor circular de 120◦e área igual a || B: =, || C: =, || D: =. || E: -. 4
ITA-MC-2012-SP-MAT-Q020	2012	single_phase	matematica	20	3π cm2. A área total e o volume deste cone medem, em cm2 e cm3, respectivamente √ √ √	A: 4π e 2π 2 2 || B: 4π e π || C: 4π e π 2. . . 3 3 √ √ || D: 3π e 2π 2 || E: π e 2π 2. . 3 AS QUESTÕES DISSERTATIVAS, NUMERADAS DE 21 A 30, DEVEM SER RESOLVIDAS E REPONDIDAS NO CADERNO DE SOLUÇÕES
ITA-MC-2012-SP-POR-Q021	2012	single_phase	portugues	21	Todas as opções abaixo estão respaldadas no texto. Assinale a que contém a ideia central.	A: O transporte público exige medidas técnicas e administrativas, além de cuidado com a paisagem urbana. || B: As pessoas contrárias à instalação da estação do metrô são movidas por preconceito. || C: Os paulistanos constroem o espaço onde vivem de modo a se isolarem das adversidades sociais. || D: As experiências de transporte público de outras cidades poderiam ser adotadas em São Paulo. || E: A instalação de linhas de ônibus e de metrô deve propiciar o desenvolvimento da área em que se encontram
ITA-MC-2012-SP-POR-Q022	2012	single_phase	portugues	22	O fato de parte de moradores de Higienópolis recusar a instalação de uma nova estação de metrô na avenida Angélica é justificável, uma vez que	A: o isolamento em condomínios fechados é preferível para eles. || B: o poder público não desmentiu a possível degradação do espaço público com a instalação do metrô. || C: a chegada de transporte de massas não traria melhoria para a região. || D: não há público para o uso dessa linha de metrô. || E: eles usam mais seus carros e não necessitam do metrô
ITA-MC-2012-SP-POR-Q023	2012	single_phase	portugues	23	Leia os seguintes enunciados: I. Partindo de um fato noticioso – a reação de moradores diante da intenção da Prefeitura de São Paulo em construir uma estação do metrô na Avenida Angélica –, o autor questiona a eficiência do transporte público na cidade. II. Para o autor, a valorização do transporte coletivo urbano está atrelada a aspectos estruturais e arquitetônicos das estações de metrô e pontos de ônibus. III. A informação sobre o número de habitantes da cidade de Istambul e a comparação do Brasil com a Turquia permitem que o leitor avalie a possibilidade de iniciativas para a melhoria do transporte coletivo em São Paulo. Está correto o que se afirma apenas em	A: I e II. || B: I e III. || C: II. || D: II e III. || E: III
ITA-MC-2012-SP-POR-Q024	2012	single_phase	portugues	24	Assinale a opção que NÃO se pode pressupor do texto.	A: O transporte de massas em São Paulo pode degradar a paisagem urbana. || B: Os pontos de ônibus do corredor da Rebouças dificultam o trânsito. || C: Em Istambul, as estações de monotrilho não reduziram os espaços para os carros. || D: Numa cidade de 16 milhões de habitantes em um país emergente não se espera o cuidado com os abrigos, bancos e iluminação. || E: A criação de corredores de ônibus bem asfaltados e servidos por diversas linhas é condição necessária, mas não suficiente
ITA-MC-2012-SP-POR-Q025	2012	single_phase	portugues	25	No texto, o segmento que NÃO expressa uma avaliação do autor é	A: [...] à parte o gosto exacerbado dos paulistanos por levantar muros. (linha 5) || B: [...] a avenida ficou menos tétrica, quase bonita. (linha 16) || C: [...] a imagem do engarrafamento e da bagunça vira um desastre de relações públicas. (linhas 18 e 19) || D: Em Istambul, monotrilhos foram instalados no nível da rua, como os “trams” das cidades alemãs e suíças. (linhas 20 e 21) || E: Se forem como os antigos bondes, ótimo. (linha 27)
ITA-MC-2012-SP-POR-Q026	2012	single_phase	portugues	26	No texto, “gente diferenciada” é equivalente a	A: Brasil real. (linha 6) || B: poder público. (linha 6) || C: relações públicas. (linhas 18 e 19) || D: motoristas. (linha 24) || E: moradores. (linha 28)
ITA-MC-2012-SP-POR-Q027	2012	single_phase	portugues	27	Em sentido amplo, a relação de causa e efeito nem sempre é estabelecida por conectores (porque, visto que, já que, pois etc). Outros recursos também são usados para atribuir relação de causa e efeito entre dois ou mais segmentos. Isso ocorre nas opções abaixo, EXCETO em	A: [...] a abertura de uma estação de metrô na avenida Angélica traria “gente diferenciada” ao bairro. (linhas 1 e 2) || B: [...] a escuridão afugenta pessoas à noite [...]. (linhas 12 e 13) || C: A instalação de linhas de monotrilho ou de corredores de ônibus precisa vitaminar uma área [...]. (linha 14) || D: Quando as grades da Nove de Julho foram retiradas, a avenida ficou menos tétrica [...]. (linha 16) || E: [...] a imagem do engarrafamento e da bagunça vira um desastre de relações públicas. (linha 18 e 19)
ITA-MC-2012-SP-POR-Q028	2012	single_phase	portugues	28	A possível instalação de uma estação do metrô na avenida Angélica e a reação por parte de moradores de Higienópolis gerou muita polêmica e manifestações, que foram veiculadas na mídia impressa e virtual. Assinale a opção, cuja manifestação NÃO constitui uma ironia.	A: “Só ando de metrô em Paris, Nova York e Londres” (cartaz que integrava uma manifestação contra a mudança da futura estação do metrô da avenida Angélica para a avenida Pacaembu). || B: “Nós queremos o metrô sim. Mas ele tem que ser condizente com o nível do bairro. Portanto, exigimos uma ligação direta com Alphaville, Morumbi e Veneza, na Itália.” (frase de um participante de uma manifestação contra a mudança da futura estação do metrô da avenida Angélica para a avenida Pacaembu). || C: “É tão fácil resolver problema, gente: faz uma entrada social e uma de serviço.” (Luísa Tieppo, no Twitter) || D: “Eu não uso metrô e não usaria. Isso vai acabar com a tradição do bairro. Você já viu o tipo de gente que fica ao redor das estações do metrô? Drogados, mendigos, uma gente diferenciada.” (moradora de Higienópolis, em reportagem da Folha, 13/08/2010). || E: “Não se esqueçam dos sacos de lixo. Somos diferenciados, mas somos limpinhos” (convite virtual divulgado no Facebook para o “Churrascão da Gente Diferenciada”, uma manifestação contra a mudança da futura estação do metrô da avenida Angélica para a avenida Pacaembu)
ITA-MC-2012-SP-POR-Q029	2012	single_phase	portugues	29	Considere as correlações entre o Texto 1 e a tirinha expostas abaixo. http://novacharges.wordpress.com I. O personagem que fala tem uma postura semelhante à de parte de moradores de Higienópolis em relação às pessoas que representariam a “gente diferenciada”. II. Os personagens que se encontram fora do carro no segundo quadro corresponderiam à “gente diferenciada” a que se refere parte dos moradores de Higienópolis. III. No segundo quadro, o carro seria comparável aos muros e fortalezas que separam parte dos moradores de Higienópolis do “Brasil real”. Estão corretas:	A: I e II, apenas. || B: I e III, apenas. || C: II, apenas. || D: II e III, apenas. || E: todas. As questões de 30 a 34 referem-se ao seguinte texto: Texto 2 1 Gosto de olhar as capas das revistas populares no supermercado nestes tempos de corrida do ouro da classe C. A classe C é uma versão sem neve e de biquíni do Yukon do tio Patinhas quando jovem pato. Lembro do futuro milionário disneyano enfrentando a nevasca para obter suas primeiras patacas. Era preciso conquistar aquele território com a mesma sofreguidão com que se busca, agora, fincar a bandeira do consumo no seio dos emergentes brasileiros. 5 Em termos jornalísticos, é sempre aquela concepção de não oferecer o biscoito fino para a massa. É preciso dar o que a classe C quer ler – ou o que se convencionou a pensar que ela quer ler. Daí as políticas de didatismo nas redações, com o objetivo de deixar o texto mastigado para o leitor e tornar estanque a informação dada ali. Como se não fosse interessante que, ao não compreender algo, ele fosse beber em outras fontes. Hoje, com a Internet, é facílimo, está ao alcance da vista de quase todo mundo. 10 Outro aspecto é seguir ao pé da letra o que dizem as pesquisas na hora de confeccionar uma revista popular. Tomemos como exemplo a pesquisa feita por uma grande editora sobre “a mulher da classe C” ou “nova classe média”. Lá, ficamos sabendo que: a mulher da classe C vai consumir cada vez mais artigos de decoração e vai investir na reforma de casa; que ela gasta muito com beleza, sobretudo o cabelo; que está preocupada com a alimentação; e que quer ascender social e profissionalmente. É com base nestes números 15 que a editora oferece o produto – a revista – ao mercado de anunciantes. Normal. Mas no que se transformam, para o leitor, estes dados? Preocupação com alimentação? Dietas amalucadas? A principal chamada de capa destas revistas é alguma coisa esdrúxula como: “perdi 30 kg com fibras naturais”, “sequei 22 quilos com cápsulas de centelha asiática”, “emagreci 27 kg com florais de Bach e colágeno”, “fiquei magra com a dieta da aveia” ou “perdi 20 quilos só comendo linhaça”. Pelo amor de Deus, 20 quem é que vai passar o dia comendo linhaça? Estão confundindo a classe C com passarinho, só pode. Quer reformar a casa? Nada de dicas de decoração baratas e de bom gosto. O objetivo é ensinar como tomar empréstimo e comprar móveis em parcelas. Ou então alguma coisa “criativa” que ninguém vai fazer, tipo uma parede toda de filtros de café usados. Juro que li isso. A parte de ascensão profissional vem em matérias 25 como “fiquei famosa vendendo bombons de chocolate feitos em casa” ou “lucro 2500 reais por mês com meus doces”. Falar das possibilidades de voltar a estudar, de ter uma carreira ou se especializar para ser promovido no trabalho? Nada. Dicas culturais de leitura, filmes, música, então, nem pensar. Cada vez que vejo pesquisas dizendo que a mídia impressa está em baixa penso nestas revistas. A internet oferece grátis à classe C um cardápio ainda pobre, mas bem mais farto. Será que a nova classe média quer realmente ler estas revistas? A vendagem delas é razoável, mas nada impressionante. São todas 30 inspiradas nas revistas populares inglesas, cuja campeã é a “Take a Break”. A fórmula é a mesma de uma “Sou + Eu”: dietas, histórias reais de sucesso ou escabrosas e distribuição de prêmios. Além deste tipo de abordagem também fazem sucesso as publicações de fofocas de celebridades ou sobre programas de TV – aqui, as novelas. 35 Sei que deve ser utopia, mas gostaria de ver publicações para a classe C que ensinassem as pessoas a se alimentar melhor, que mostrassem como a obesidade anda perigosa no Brasil porque se come mal. Atacando, inclusive, refrigerantes, redes de fast food e guloseimas, sem se preocupar em perder anunciantes. Que priorizassem não as dietas, mas a educação alimentar e a importância de fazer exercícios e de levar uma vida saudável. Gostaria de ver reportagens ensinando as mulheres da classe C a se sentirem bem com seu próprio cabelo, muitas vezes cacheado, em vez de simplesmente copiarem as famosas. Que mostrassem 40 como é possível se vestir bem gastando pouco, sem se importar com marcas. Gostaria de ler reportagens nas revistas para a classe C alertando os pais para que vejam menos televisão e convivam mais com os filhos. Que falassem da necessidade de tirar as crianças do computador e de levá-las para passear ao ar livre. Que tivessem dicas de livros, notícias sobre o mundo, ciências, artes – é 45 possível transformar tudo isso em informação acessível e não apenas para conhecedores, como se a cultura fosse patrimônio das classes A e B. Gostaria, enfim, de ver revistas populares que fossem feitas para ler de verdade, e que fizessem refletir. Mas a quem interessa que a classe C tenha suas próprias ideias? (Cynara Menezes, 15/07/2011, em: http://www.cartacapital.com.br/politica/o-que-quer-a-classe-c)
ITA-MC-2012-SP-POR-Q030	2012	single_phase	portugues	30	Embora todas as opções estejam respaldadas no texto, a crítica mais abrangente da autora às revistas dirigidas às mulheres da classe C deve-se ao fato de tais revistas	A: sugerirem dietas amalucadas. || B: fornecerem soluções equivocadas para os anseios das mulheres da classe C. || C: levarem muito a sério as pesquisas sobre as mulheres da classe C. || D: sugerirem às possíveis leitoras terem seus próprios negócios. || E: terem como principal preocupação o consumo
ITA-MC-2012-SP-POR-Q031	2012	single_phase	portugues	31	Para a autora, um bom texto é aquele que I. explicita ao máximo as informações para o leitor. II. leva o leitor a procurar outras fontes de informação. III. possibilita a reflexão do leitor. IV. necessita de pouco tempo para ser lido e compreendido. Está correto o que se afirma apenas em	A: I e II. || B: I e III. || C: II e III. || D: II e IV. || E: III e IV
ITA-MC-2012-SP-POR-Q032	2012	single_phase	portugues	32	Das opções abaixo, a única que NÃO apresenta linguagem informal é	A: Hoje, com a Internet, é facílimo, está ao alcance da vista de quase todo mundo. (linha 10) || B: [...] a editora oferece o produto – a revista – ao mercado de anunciantes. Normal. (linha 16) || C: Estão confundindo a classe C com passarinho, só pode. (linha 21) || D: [...] tipo uma parede toda de filtros de café usados. [...]. (linhas 23 e 24) || E: Dicas culturais de leitura, filmes, música, então, nem pensar. (linha 27)
ITA-MC-2012-SP-POR-Q033	2012	single_phase	portugues	33	Considere as seguintes afirmações relativas a aspectos sintático-semânticos do texto I. A chamada “perdi 20 quilos só comendo linhaça” foi interpretada como “perdi 20 quilos comendo só linhaça”. II. Nos dois últimos parágrafos, há recorrência de períodos fragmentados em que faltam as orações principais. III. Devido à estrutura da frase “Que mostrassem como é possível se vestir bem gastando pouco, sem se importar com marcas”, o segundo período ficaria melhor se fosse assim: “sem se importassem com marcas”. Está correto o que se afirma apenas em	A: I. || B: I e II. || C: II. || D: II e III. || E: III
ITA-MC-2012-SP-POR-Q034	2012	single_phase	portugues	34	Os Textos 1 e 2 dialogam, por abordarem	A: a alienação da população em geral. || B: o descaso dos mais ricos pelos mais pobres. || C: questões que envolvem classes sociais. || D: a passividade dos mais pobres. || E: a convivência entre as pessoas de diferentes estratos sociais. As questões 35 e 36 referem-se ao poema abaixo, de Oswald de Andrade, que integra o romance Memórias sentimentais de João Miramar. Verbo crackar Eu empobreço de repente Tu enriqueces por minha causa Ele azula para o sertão Nós entramos em concordata Vós protestais por preferência Eles escafedem a massa Sê pirata Sede trouxa Abrindo o pala Pessoal sarado. Oxalá que eu tivesse sabido que esse verbo era irregular. Azula: foge Abrindo o pala: escapando Sarado: valentão, abusado
ITA-MC-2012-SP-POR-Q035	2012	single_phase	portugues	35	Com base no poema, a única opção que NÃO contempla a proposta modernista é	A: o escape da visão lírico-amorosa. || B: a apresentação de problemas existenciais. || C: a inovação da linguagem literária. || D: a apresentação de problemas sociais. || E: a ironia ao sistema econômico-social
ITA-MC-2012-SP-POR-Q036	2012	single_phase	portugues	36	O título do poema “Crackar”, relacionado ao romance, I. revela o comportamento do personagem. II. é próprio do contexto sócio-econômico da época. III. afeta diretamente a vida do personagem. Está correto o que se afirma em	A: I e II, apenas. || B: II, apenas. || C: II e III, apenas. || D: III, apenas. || E: todas
ITA-MC-2012-SP-POR-Q037	2012	single_phase	portugues	37	O texto abaixo é o início da obra Dom Casmurro, de Machado de Assis. 1 Uma noite dessas, vindo da cidade para o Engenho Novo, encontrei no trem da Central um rapaz aqui do bairro, que eu conheço de vista e de chapéu. Cumprimentou-me, sentou-se ao pé de mim, falou da lua e dos ministros, e acabou recitando-me versos. A viagem era curta, e os versos pode ser que não fossem inteiramente maus. Sucedeu, porém, que, como eu estava cansado, fechei os olhos três ou quatro vezes; tanto bastou para que ele interrompesse a leitura e metesse os versos no bolso. 5 [...] No dia seguinte entrou a dizer de mim nomes feios, e acabou alcunhando-me Dom Casmurro. Os vizinhos, que não gostam dos meus hábitos reclusos e calados, deram curso à alcunha, que afinal pegou. [...] Não consultes dicionários. Casmurro não está aqui no sentido que eles lhe dão, mas no que lhe pôs o vulgo de homem calado e metido consigo. Dom veio por ironia, para atribuir-me fumos de fidalgo. Tudo por estar cochilando! Também não achei melhor título para a minha narração; se não tiver outro daqui até ao fim do 10 livro, vai este mesmo. Considere as afirmações abaixo referentes ao trecho, articuladas ao romance: I. O narrador já apresenta seu estilo irônico de narrar. II. O narrador assume uma alcunha que o caracteriza ao longo do enredo. III. Os eventos narrados no trecho inicial desencadeiam o conflito central da obra. IV. O título Dom Casmurro não caracteriza adequadamente o personagem Bentinho. Estão corretas apenas	A: I e II. || B: I e III. || C: II e III. || D: II e IV. || E: III e IV. As questões 38 e 39 referem-se ao texto abaixo, extraído de O Guarani, de José de Alencar. De um dos cabeços da Serra dos Órgãos desliza um fio de água que se dirige para o norte, e engrossado 1 com os mananciais, que recebe no seu curso de dez léguas, torna-se rio caudal. É o Paquequer: saltando de cascata em cascata, enroscando-se como uma serpente, vai depois se espreguiçar na várzea e embeber no Paraíba, que rola majestosamente em seu vasto leito. Dir-se-ia que, vassalo e tributário desse rei das águas, o pequeno rio, altivo e sobranceiro contra os 5 rochedos, curva-se humildemente aos pés do suserano. Perde então a beleza selvática; suas ondas são calmas e serenas como as de um lago, e não se revoltam contra os barcos e as canoas que resvalam sobre elas: escravo submisso, sofre o látego* do senhor. Não é neste lugar que ele deve ser visto; sim três ou quatro léguas acima de sua foz, onde é livre ainda, como o filho indômito desta pátria da liberdade. 10 Aí, Paquequer lança-se rápido sobre o seu leito, e atravessa as florestas como o tapir, espumando, deixando o pelo esparso pelas pontas do rochedo, e enchendo a solidão com o estampido de sua carreira. De repente, falta-lhe o espaço, foge-lhe a terra; o soberbo rio recua um momento para concentrar as suas forças, e precipita-se de um só arremesso, como o tigre sobre a presa. (José de Alencar. O Guarani.) (*) látego: chicote
ITA-MC-2012-SP-POR-Q038	2012	single_phase	portugues	38	O trecho anterior, relacionado ao enredo do romance, cria um cenário que prepara o leitor para o conflito entre:	A: espécies do mundo natural. || B: nativos e a natureza. || C: índios e escravos. || D: tribos indígenas. || E: colonizador e nativos
ITA-MC-2012-SP-POR-Q039	2012	single_phase	portugues	39	No contexto da obra, a personificação da natureza I. descreve um cenário fiel ao ambiente natural. II. exibe a grandiosidade da natureza do país. III. antecipa as características determinantes dos dois protagonistas masculinos. Está correto o que se afirma apenas em	A: I. || B: I e II. || C: I e III. || D: II. || E: II e III
ITA-MC-2012-SP-POR-Q040	2012	single_phase	portugues	40	Considere o poema ao lado, de Ana Cristina César (1952-1983). Fisionomia O título do poema está relacionado ao eu-lírico por um conflito de natureza não é mentira	A: amorosa. é outra || B: social. a dor que dói || C: física. em mim || D: existencial. é um projeto || E: imaginária. de passeio em círculo um malogro do objeto em foco a intensidade de luz de tarde no jardim é outra a dor que dói INSTRUÇÕES PARA REDAÇÃO Observe a charge ao lado. A partir dela, e considerando os textos desta prova cujos temas se aproximam ao da charge, redija uma dissertação em prosa, na folha a ela destinada, argumentando em favor de um ponto de vista sobre o tema. A redação deve ser feita com caneta azul ou preta. Na avaliação de sua redação, serão considerados: a) clareza e consistência dos argumentos em defesa de um ponto de vista sobre o tema; b) coesão e coerência do texto; e c) domínio do português padrão. (Serão aceitos os dois Sistemas Ortográficos em vigor, conforme Decreto 6.583, de 29/09/2008.) Atenção: A Banca Examinadora aceitará qualquer posicionamento ideológico do candidato. Você poderá usar para rascunho de sua redação as páginas em branco dos cadernos de questões desta prova e da prova de Inglês. O rascunho não será considerado para avaliação de sua redação
ITA-MC-2012-SP-QUI-Q001	2012	single_phase	quimica	1	Uma amostra de 2×10 g de um determinado composto orgânico é dissolvida em 300 mL de água a 25 °C, resultando numa solução de pressão osmótica 0,027 atm. Pode-se afirmar, então, que o composto orgânico é o(a)	A: ácido etanoico (ácido acético). || B: 1,2-etanodiol (etileno glicol). || C: etanol (álcool etílico). || D: metanodiamida (ureia). || E: tri-fluor-carbono
ITA-MC-2012-SP-QUI-Q002	2012	single_phase	quimica	2	Considere as seguintes afirmações: I. Aldeídos podem ser oxidados a ácidos carboxílicos. II. Alcanos reagem com haletos de hidrogênio. III. Aminas formam sais quando reagem com ácidos. IV. Alcenos reagem com álcoois para formar ésteres. Das afirmações acima, está(ão) CORRETA(S) apenas	A: I. || B: I e III. || C: II. || D: II e IV. || E: IV
ITA-MC-2012-SP-QUI-Q003	2012	single_phase	quimica	3	A reação de sulfonação do naftaleno ocorre por substituição eletrofílica nas posições α e β do composto orgânico, de acordo com o diagrama de coordenada de reação a 50 °C. Com base neste diagrama, são feitas as seguintes afirmações: I. A reação de sulfonação do naftaleno é endotérmica. II. A posição α do naftaleno é mais reativa do que a de β. III. O isômero β é mais estável que o isômero α. Das afirmações acima, está(ão) CORRETA(S) apenas	A: I. || B: I e II. || C: II. || D: II e III. || E: III
ITA-MC-2012-SP-QUI-Q004	2012	single_phase	quimica	4	Assinale a opção que corresponde, aproximadamente, ao produto de solubilidade do ( ) água nas condições-padrão, sendo dados: ο + − Ag aq e Ag	A:  || B: C ( ) || C: ( ); E = 0,799 V + ο − − AgCl c e Ag c Cl aq ( ) ( ) ( ); E = 0,222 V + + e ,   ο E é o potencial do eletrodo em relação ao eletrodo padrão de hidrogênio nas condições-padrão. em que 18 10 5 5 10 1 10− 1 10− 1 10− || D:  || E: 1 10 1 10 × × × × ×
ITA-MC-2012-SP-QUI-Q005	2012	single_phase	quimica	5	Considere as seguintes misturas (soluto/solvente) na concentração de 10 % em mol de soluto: I. acetona/clorofórmio II. água/etanol III. água/metanol V. n-hexano/n-heptano IV. benzeno/tolueno Assinale a opção que apresenta a(s) mistura(s) para a(s) qual(is) a pressão de vapor do solvente na mistura é aproximadamente igual à sua pressão de vapor quando puro multiplicada pela sua respectiva fração molar.	A: Apenas I || B: Apenas I, II e III || C: Apenas II e III || D: Apenas IV e V || E: Apenas V
ITA-MC-2012-SP-QUI-Q006	2012	single_phase	quimica	6	Considere que a reação hipotética representada pela equação química X ocorra em três Y Z + → condições diferentes (a, b e c), na mesma temperatura, pressão e composição total (número de moléculas de X+Y), a saber: a- O número de moléculas de X é igual ao número de moléculas de Y. b- O número de moléculas de X é 1/3 do número de moléculas de Y. c- O número de moléculas de Y é 1/3 do número de moléculas de X. Baseando nestas informações, considere que sejam feitas as seguintes afirmações: então v v v < < 2 k X Y v [ ].[ ] , = I. Se a lei de velocidade da reação for . c a b , então v v v = < k X Y II. Se a lei de velocidade da reação for v [ ].[ ] = . b c a t t t t k X > > III. Se a lei de velocidade da reação for v [ ] = , então 1 2( ) , em que 1 2 = tempo de meia-vida. c b a 1 2( ) 1 2( ) Das afirmações acima, está(ão) CORRETA(S) apenas	A: I. || B: I e II. || C: II. || D: II e III. || E: III
ITA-MC-2012-SP-QUI-Q007	2012	single_phase	quimica	7	Considere os seguintes potenciais de eletrodo em relação ao eletrodo padrão de hidrogênio nas condições-padrão( ) ο : = 0,80V e Assinale a opção que apresenta o valor, em V, ο ο E E E = 0,20V. − 3+ 2+ 2+ ο M M M M de . ο E 3 + ο M M	A: – 0,33 || B: – 0,13 || C: + 0,13 || D: + 0,33 || E: + 1,00
ITA-MC-2012-SP-QUI-Q008	2012	single_phase	quimica	8	Considere as seguintes afirmações a respeito dos haletos de hidrogênio , , e : I. A temperatura de ebulição do HI é maior do que a dos demais. II. À exceção do HF , os haletos de hidrogênio dissociam-se completamente em água. III. Quando dissolvidos em ácido acético glacial puro, todos se comportam como ácidos, conforme a seguinte ordem de força ácida: HI . HBr HCl HF > > >> Das afirmações acima, está(ão) CORRETA(S) apenas	A: I. || B: I e II. || C: II. || D: II e III. || E: III
ITA-MC-2012-SP-QUI-Q009	2012	single_phase	quimica	9	Considere volumes iguais dos gases , e 3 4 2 gás(es) que se comporta(m) idealmente. NH CH O	A: Apenas || B: Apenas || C: Apenas 3 4 2 NH e CH CH O || D: Apenas || E: Apenas e 3 4 4 2
ITA-MC-2012-SP-QUI-Q010	2012	single_phase	quimica	10	A 25 °C, a força eletromotriz da seguinte célula eletroquímica é de 0,45 V: ( ) 1 1 + − − Pt s H H x KCl Hg Cl s Hg l Pt s ( ) | (g, 1 atm) | ( mol.L ) || (0,1 mol.L ) | ( ) | ( ) . 2 2 2 ( ) 1 − KCl Hg Cl s Hg l (0,1 mol.L ) | ( ) | Sendo o potencial do eletrodo de calomelano – – nas condições-padrão 2 2 igual a 0,28 V e x o valor numérico da concentração dos íons H+, assinale a opção com o valor aproximado do pH da solução.	A: 1,0 || B: 1,4 || C: 2,9 || D: 5,1 || E: 7,5
ITA-MC-2012-SP-QUI-Q011	2012	single_phase	quimica	11	São feitas as seguintes afirmações a respeito dos produtos formados preferencialmente em eletrodos eletroquimicamente inertes durante a eletrólise de sais inorgânicos fundidos ou de soluções aquosas de sais inorgânicos: ( ) CaCl l há formação de Ca s no catodo. 2( ) I. Em 3 1 − −em Na SO há aumento do pH ao redor do anodo. 1×10 mol.L II. Na solução aquosa 2 4 1 1mol.L− em AgNO há formação de O g no anodo. 2( ) III. Na solução aquosa 3 NaBr l há formação de Br l no anodo. ( ) 2( ) IV. Em Das afirmações acima, está(ão) ERRADA(S) apenas	A: I e II. || B: I e III. || C: II. || D: III. || E: IV
ITA-MC-2012-SP-QUI-Q012	2012	single_phase	quimica	12	São feitas as seguintes afirmações em relação à isomeria de compostos orgânicos: I. O 2-cloro-butano apresenta dois isômeros óticos. II. O n-butano apresenta isômeros conformacionais. III. O metil-ciclo-propano e o ciclo-butano são isômeros estruturais. C H apresenta um total de três isômeros. IV. O alceno de fórmula molecular 4 8 C H apresenta um total de dois isômeros. V. O alcano de fórmula molecular 5 12 Das afirmações acima, está(ão) CORRETA(S) apenas	A: I, II e III. || B: I e IV. || C: II e III. || D: III, IV e V. || E: IV e V
ITA-MC-2012-SP-QUI-Q013	2012	single_phase	quimica	13	Considere as reações representadas pelas seguintes equações químicas: N O g N g O g C s H g CH g ( ) ( ) 1 2 ( ) ( ) 2 ( ) ( ) → + + → I. II. 2 2 2 2 4 O g O g NI s N g I g 2 ( ) 3 ( ) 2 ( ) ( ) 3 ( ) → → + III. IV. 3 2 2 3 2 Assinale a opção que apresenta a(s) reação(ões) química(s) na(s) qual(is) há uma variação negativa de entropia.	A: Apenas I || B: Apenas II e IV || C: Apenas II e III e IV || D: Apenas III || E: Apenas IV
ITA-MC-2012-SP-QUI-Q014	2012	single_phase	quimica	14	Assinale a opção que indica o polímero da borracha natural.	A: Poliestireno || B: Poliisopreno || C: Poli (metacrilato de metila) || D: Polipropileno || E: Poliuretano
ITA-MC-2012-SP-QUI-Q015	2012	single_phase	quimica	15	Assinale a opção que apresenta os compostos nitrogenados em ordem crescente de número de oxidação do átomo de nitrogênio. N H K N O NaNH NI Na NO K N O Na NO NI NaNH N H	A:  || B: < < < < < < < < 2 4 2 2 2 2 3 2 2 2 2 2 2 2 3 2 2 4 NaNH N H K N O Na NO NI NI NaNH Na NO N H K N O || C:  || D: < < < < < < < < 2 2 4 2 2 2 2 2 3 3 2 2 2 2 4 2 2 2 Na NO NI N H K N O NaNH || E: < < < < 2 2 3 2 4 2 2 2 2
ITA-MC-2012-SP-QUI-Q016	2012	single_phase	quimica	16	A figura representa a curva de aquecimento de uma amostra, em que S, L e G significam, respectivamente, sólido, líquido e gasoso. Com base nas informações da figura é CORRETO afirmar que a amostra consiste em uma	A: substância pura. || B: mistura coloidal. || C: mistura heterogênea. || D: mistura homogênea azeotrópica. || E: mistura homogênea eutética
ITA-MC-2012-SP-QUI-Q017	2012	single_phase	quimica	17	Considere os seguintes pares de moléculas: AlCl PCl III. NCl AsCl e e I. KCl II. LiCl e 3 3 3 3 Assinale a opção com as três moléculas que, cada uma no seu respectivo par, apresentam ligações com o maior caráter covalente. LiCl AlCl NCl LiCl PCl NCl KCl AlCl AsCl	A:  || B:  || C: , e , e , e 3 3 3 3 3 3 KCl PCl NCl KCl AlCl NCl || D:  || E: , e , e 3 3 3 3
ITA-MC-2012-SP-QUI-Q018	2012	single_phase	quimica	18	São descritos três experimentos (I, II e III) utilizando-se em cada um 30 mL de uma solução aquosa saturada, com corpo de fundo de cloreto de prata, em um béquer de 50 mL a 25 °C e 1 atm: I. Adiciona-se certa quantidade de uma solução aquosa 1 mol.L−1 em cloreto de sódio. II. Borbulha-se sulfeto de hidrogênio gasoso na solução por certo período de tempo. III. Adiciona-se certa quantidade de uma solução aquosa 1 mol.L−1 em nitrato de prata. Em relação aos resultados observados após atingir o equilíbrio, assinale a opção que apresenta o(s) experimento(s) no(s) qual(is) houve aumento da quantidade de sólido.	A: Apenas I || B: Apenas I e II || C: Apenas I e III || D: Apenas II e III || E: Apenas I, II e III
ITA-MC-2012-SP-QUI-Q019	2012	single_phase	quimica	19	Assinale a opção com a resina polimérica que mais reduz o coeficiente de atrito entre duas superfícies sólidas.	A: Acrílica || B: Epoxídica || C: Estirênica || D: Poliuretânica || E: Poli (dimetil siloxano)
ITA-MC-2012-SP-QUI-Q020	2012	single_phase	quimica	20	Considere uma amostra aquosa em equilíbrio a 60 °C, com pH de 6,5, a respeito da qual são feitas as seguintes afirmações: I. A amostra pode ser composta de água pura. é igual à concentração de OH −. II. A concentração molar de H O+ 3 III. O pH da amostra não varia com a temperatura. IV. A constante de ionização da amostra depende da temperatura. 1 0,1mol.L−em H CO , considerando que a constante de V. A amostra pode ser uma solução aquosa 2 3 H CO é da ordem de dissociação do . 7 1 10− × 2 3 Das afirmações acima está(ão) CORRETA(S) apenas	A: I, II e IV. || B: I e III. || C: II e IV. || D: III e V. || E: V. AS QUESTÕES DISSERTATIVAS, NUMERADAS DE 21 A 30, DEVEM SER RESPONDIDAS NO CADERNO DE SOLUÇÕES
